areacd,areanm,category,1981,1991,2001,2011,2021
K04000001,England and Wales,total,48521596,49890277,52041916,56075912,59597300
K04000001,England and Wales,female,24896878,25707284,26715990,28502536,30420100
K04000001,England and Wales,male,23624718,24182993,25325926,27573376,29177200
E92000001,England,total,45771956,47055204,49138831,53012456,56489800
E92000001,England,female,23483561,24242315,25216687,26943308,28833500
E92000001,England,male,22288395,22812889,23922144,26069148,27656300
W92000004,Wales,total,2749640,2835073,2903085,3063456,3107500
W92000004,Wales,female,1413317,1464969,1499303,1559228,1586600
W92000004,Wales,male,1336323,1370104,1403782,1504228,1521000
E12000001,North East,total,2595669,2543569,2515445,2596886,2647100
E12000001,North East,female,1328707,1316055,1296866,1327183,1353800
E12000001,North East,male,1266962,1227514,1218579,1269703,1293300
E12000002,North West,total,6834647,6726860,6729764,7052177,7417300
E12000002,North West,female,3521908,3484285,3470810,3587492,3777200
E12000002,North West,male,3312739,3242575,3258954,3464685,3640100
E12000003,Yorkshire and The Humber,total,4810474,4836524,4964833,5283733,5480800
E12000003,Yorkshire and The Humber,female,2464550,2492395,2552889,2685655,2791800
E12000003,Yorkshire and The Humber,male,2345924,2344129,2411944,2598078,2689000
E12000004,East Midlands,total,3782137,3953372,4172174,4533222,4880200
E12000004,East Midlands,female,1920075,2019610,2123316,2298729,2478100
E12000004,East Midlands,male,1862062,1933762,2048858,2234493,2402100
E12000005,West Midlands,total,5098609,5150187,5267308,5601847,5950800
E12000005,West Midlands,female,2585960,2633544,2692197,2838660,3023000
E12000005,West Midlands,male,2512649,2516643,2575111,2763187,2927700
E12000006,East of England,total,4760072,5055515,5388140,5846965,6334500
E12000006,East of England,female,2420036,2580762,2749805,2971158,3227700
E12000006,East of England,male,2340036,2474753,2638335,2875807,3106700
E12000007,London,total,6608598,6679699,7172091,8173941,8799800
E12000007,London,female,3426036,3474103,3703298,4140652,4531500
E12000007,London,male,3182562,3205596,3468793,4033289,4268300
E12000008,South East,total,7029809,7500054,8000645,8634750,9278100
E12000008,South East,female,3617435,3857548,4095490,4395452,4738800
E12000008,South East,male,3412374,3642506,3905155,4239298,4539300
E12000009,South West,total,4251941,4609424,4928434,5288935,5701200
E12000009,South West,female,2198854,2384013,2532019,2698327,2911600
E12000009,South West,male,2053087,2225411,2396415,2590608,2789600
E10000003,Cambridgeshire,total,438196,491959,552640,621210,678600
E10000003,Cambridgeshire,female,221515,249297,279004,311650,343200
E10000003,Cambridgeshire,male,216681,242662,273636,309560,335400
E10000006,Cumbria,total,471696,483163,487615,499858,499800
E10000006,Cumbria,female,242011,248322,249696,253793,253700
E10000006,Cumbria,male,229685,234841,237919,246065,246100
E10000007,Derbyshire,total,687401,709834,734572,769686,794600
E10000007,Derbyshire,female,348884,361508,373740,390900,404800
E10000007,Derbyshire,male,338517,348326,360832,378786,389800
E10000008,Devon,total,578755,646903,704488,746399,811600
E10000008,Devon,female,302209,337593,364485,384654,417600
E10000008,Devon,male,276546,309310,340003,361745,394000
E10000011,East Sussex,total,414264,461501,492323,526671,545800
E10000011,East Sussex,female,224616,247059,259372,272907,283700
E10000011,East Sussex,male,189648,214442,232951,253764,262100
E10000012,Essex,total,1179764,1242241,1310854,1393587,1503300
E10000012,Essex,female,601488,636322,670633,713426,771100
E10000012,Essex,male,578276,605919,640221,680161,732100
E10000013,Gloucestershire,total,493166,528370,564558,596984,645100
E10000013,Gloucestershire,female,253109,271881,289042,304398,329800
E10000013,Gloucestershire,male,240057,256489,275516,292586,315300
E10000014,Hampshire,total,1065227,1169986,1240120,1317788,1400800
E10000014,Hampshire,female,538552,595689,632068,672850,716000
E10000014,Hampshire,male,526675,574297,608052,644938,684700
E10000015,Hertfordshire,total,950760,975829,1033991,1116062,1198800
E10000015,Hertfordshire,female,482170,497186,528919,568952,613400
E10000015,Hertfordshire,male,468590,478643,505072,547110,585400
E10000016,Kent,total,1213019,1268645,1329706,1463740,1576100
E10000016,Kent,female,627696,656009,685816,748127,807700
E10000016,Kent,male,585323,612636,643890,715613,768400
E10000017,Lancashire,total,1076123,1101317,1134988,1171339,1235300
E10000017,Lancashire,female,555946,569985,584445,596193,628400
E10000017,Lancashire,male,520177,531332,550543,575146,606900
E10000018,Leicestershire,total,529405,565539,609582,650489,712300
E10000018,Leicestershire,female,267767,286746,308321,329073,360600
E10000018,Leicestershire,male,261638,278793,301261,321416,351700
E10000019,Lincolnshire,total,542944,584536,646657,713653,768400
E10000019,Lincolnshire,female,274820,299365,330078,366048,392000
E10000019,Lincolnshire,male,268124,285171,316579,347605,376400
E10000020,Norfolk,total,685232,745613,796717,857888,916200
E10000020,Norfolk,female,351001,382575,408885,437728,466900
E10000020,Norfolk,male,334231,363038,387832,420160,449300
E10000023,North Yorkshire,total,495231,535440,569662,598376,615400
E10000023,North Yorkshire,female,254180,275797,291980,304266,313800
E10000023,North Yorkshire,male,241051,259643,277682,294110,301700
E10000024,Nottinghamshire,total,708491,730350,748500,785802,824800
E10000024,Nottinghamshire,female,358798,372370,382390,399080,420000
E10000024,Nottinghamshire,male,349693,357980,366110,386722,404800
E10000025,Oxfordshire,total,507230,547584,605489,653798,725300
E10000025,Oxfordshire,female,256137,277218,306243,330827,367100
E10000025,Oxfordshire,male,251093,270366,299246,322971,358200
E10000027,Somerset,total,417457,460368,498107,529972,571600
E10000027,Somerset,female,214650,237423,256143,271576,292100
E10000027,Somerset,male,202807,222945,241964,258396,279400
E10000028,Staffordshire,total,755803,786498,806740,848489,876100
E10000028,Staffordshire,female,380892,398794,410572,428571,442700
E10000028,Staffordshire,male,374911,387704,396168,419918,433400
E10000029,Suffolk,total,590133,636266,668540,728163,760300
E10000029,Suffolk,female,299789,324262,340646,368376,385900
E10000029,Suffolk,male,290344,312004,327894,359787,374500
E10000030,Surrey,total,992489,1014932,1059022,1132390,1203100
E10000030,Surrey,female,511265,521292,542485,577725,616100
E10000030,Surrey,male,481224,493640,516537,554665,587100
E10000031,Warwickshire,total,469801,484247,505867,545474,596800
E10000031,Warwickshire,female,237876,246434,257598,276398,302800
E10000031,Warwickshire,male,231925,237813,248269,269076,294000
E10000032,West Sussex,total,650124,702290,753607,806892,882700
E10000032,West Sussex,female,344646,369167,392998,416325,454000
E10000032,West Sussex,male,305478,333123,360609,390567,428700
E10000034,Worcestershire,total,477523,516588,542117,566169,603600
E10000034,Worcestershire,female,243307,264271,276230,287378,307900
E10000034,Worcestershire,male,234216,252317,265887,278791,295800
E11000001,Greater Manchester,total,2575407,2499441,2482328,2682528,2867800
E11000001,Greater Manchester,female,1323397,1291040,1274159,1357073,1455200
E11000001,Greater Manchester,male,1252010,1208401,1208169,1325455,1412700
E11000002,Merseyside,total,1503120,1403642,1362021,1381189,1423300
E11000002,Merseyside,female,779763,737276,714770,710155,732500
E11000002,Merseyside,male,723357,666366,647251,671034,690800
E11000003,South Yorkshire,total,1292029,1262630,1266337,1343601,1375100
E11000003,South Yorkshire,female,658948,648499,648805,681829,697500
E11000003,South Yorkshire,male,633081,614131,617532,661772,677500
E11000005,West Midlands,total,2628419,2551671,2555605,2736460,2919600
E11000005,West Midlands,female,1334019,1309521,1311267,1389510,1486600
E11000005,West Midlands,male,1294400,1242150,1244338,1346950,1433100
E11000006,West Yorkshire,total,2021707,2013693,2079219,2226058,2351600
E11000006,West Yorkshire,female,1039031,1040501,1073275,1132794,1200900
E11000006,West Yorkshire,male,982676,973192,1005944,1093264,1150700
E11000007,Tyne and Wear,total,1135492,1095152,1075935,1104825,1127200
E11000007,Tyne and Wear,female,584841,569914,555651,564229,576600
E11000007,Tyne and Wear,male,550651,525238,520284,540596,550700
E13000001,Inner London,total,2425630,2504451,2766131,3231901,3404300
E13000001,Inner London,female,1264501,1309609,1425513,1623227,1761400
E13000001,Inner London,male,1161129,1194842,1340618,1608674,1642900
E13000002,Outer London,total,4182968,4175248,4405938,4942040,5395500
E13000002,Outer London,female,2161535,2164494,2277796,2517425,2770100
E13000002,Outer London,male,2021433,2010754,2128142,2424615,2625400
E06000001,Hartlepool,total,94471,90409,88607,92028,92300
E06000001,Hartlepool,female,48033,46674,46049,47277,47700
E06000001,Hartlepool,male,46438,43735,42558,44751,44700
E06000002,Middlesbrough,total,149200,140849,134863,138412,143900
E06000002,Middlesbrough,female,75800,72861,70162,70680,73000
E06000002,Middlesbrough,male,73400,67988,64701,67732,70900
E06000003,Redcar and Cleveland,total,150283,145123,139130,135177,136500
E06000003,Redcar and Cleveland,female,76123,74867,72029,69522,70500
E06000003,Redcar and Cleveland,male,74160,70256,67101,65655,66100
E06000004,Stockton-on-Tees,total,171891,173912,178414,191610,196600
E06000004,Stockton-on-Tees,female,87252,89517,91289,97528,100100
E06000004,Stockton-on-Tees,male,84639,84395,87125,94082,96500
E06000005,Darlington,total,97219,98906,97840,105564,107800
E06000005,Darlington,female,49932,51303,50878,54081,55100
E06000005,Darlington,male,47287,47603,46962,51483,52700
E06000006,Halton,total,121865,123716,118208,125746,128200
E06000006,Halton,female,61863,63558,61069,64378,65500
E06000006,Halton,male,60002,60158,57139,61368,62800
E06000007,Warrington,total,167149,182685,191075,202228,210900
E06000007,Warrington,female,84658,93126,97200,101928,106500
E06000007,Warrington,male,82491,89559,93875,100300,104400
E06000008,Blackburn with Darwen,total,140902,136612,137470,147489,154800
E06000008,Blackburn with Darwen,female,72423,70261,70159,73942,78100
E06000008,Blackburn with Darwen,male,68479,66351,67311,73547,76800
E06000009,Blackpool,total,145776,146069,142284,142065,141100
E06000009,Blackpool,female,78205,77041,73541,72290,71400
E06000009,Blackpool,male,67571,69028,68743,69775,69700
E06000010,Kingston upon Hull,total,266760,254117,243593,256406,267100
E06000010,Kingston upon Hull,female,136788,131094,124454,127986,133800
E06000010,Kingston upon Hull,male,129972,123023,119139,128420,133300
E06000011,East Riding of Yorkshire,total,267710,292007,314114,334179,342200
E06000011,East Riding of Yorkshire,female,137197,150246,161063,170791,174400
E06000011,East Riding of Yorkshire,male,130513,141761,153051,163388,167800
E06000012,North East Lincolnshire,total,159866,159662,157972,159616,156900
E06000012,North East Lincolnshire,female,81392,82051,81269,81369,80100
E06000012,North East Lincolnshire,male,78474,77611,76703,78247,76800
E06000013,North Lincolnshire,total,148946,152287,152844,167446,169700
E06000013,North Lincolnshire,female,74941,77390,78070,84823,86000
E06000013,North Lincolnshire,male,74005,74897,74774,82623,83700
E06000014,York,total,158225,166792,181101,198051,202800
E06000014,York,female,82073,86804,93962,101797,105300
E06000014,York,male,76152,79988,87139,96254,97500
E06000015,Derby,total,214430,218802,221708,248752,261400
E06000015,Derby,female,108948,111970,113468,125706,131900
E06000015,Derby,male,105482,106832,108240,123046,129500
E06000016,Leicester,total,276245,270493,279923,329839,368600
E06000016,Leicester,female,141654,140276,145140,166955,186500
E06000016,Leicester,male,134591,130217,134783,162884,182100
E06000017,Rutland,total,29997,31489,34560,37369,41000
E06000017,Rutland,female,14787,15659,16807,18454,20000
E06000017,Rutland,male,15210,15830,17753,18915,21100
E06000018,Nottingham,total,268257,263522,266986,305680,323700
E06000018,Nottingham,female,137599,136304,134457,151903,164700
E06000018,Nottingham,male,130658,127218,132529,153777,159000
E06000019,Herefordshire,total,146870,160195,174871,183477,187100
E06000019,Herefordshire,female,74567,81921,89521,93175,95200
E06000019,Herefordshire,male,72303,78274,85350,90302,91900
E06000020,Telford and Wrekin,total,123353,139516,158323,166641,185600
E06000020,Telford and Wrekin,female,62278,71213,80461,84092,94200
E06000020,Telford and Wrekin,male,61075,68303,77862,82549,91300
E06000021,Stoke-on-Trent,total,249838,244637,240634,249008,258400
E06000021,Stoke-on-Trent,female,127406,125222,123474,125013,129800
E06000021,Stoke-on-Trent,male,122432,119415,117160,123995,128600
E06000022,Bath and North East Somerset,total,154058,158692,169043,176016,193400
E06000022,Bath and North East Somerset,female,80265,82519,86899,89944,99000
E06000022,Bath and North East Somerset,male,73793,76173,82144,86072,94400
E06000023,Bristol,total,384875,376146,380612,428234,472400
E06000023,Bristol,female,198872,194502,194955,215163,237900
E06000023,Bristol,male,186003,181644,185657,213071,234500
E06000024,North Somerset,total,160350,177472,188562,202566,216700
E06000024,North Somerset,female,83351,92095,96930,104103,111400
E06000024,North Somerset,male,76999,85377,91632,98463,105300
E06000025,South Gloucestershire,total,201664,220364,245639,262767,290400
E06000025,South Gloucestershire,female,101689,111464,124198,132343,146600
E06000025,South Gloucestershire,male,99975,108900,121441,130424,143800
E06000026,Plymouth,total,240652,243373,240727,256384,264700
E06000026,Plymouth,female,122649,124531,123152,129700,134900
E06000026,Plymouth,male,118003,118842,117575,126684,129900
E06000027,Torbay,total,110705,119674,129701,130959,139300
E06000027,Torbay,female,60137,64147,67929,67849,71500
E06000027,Torbay,male,50568,55527,61772,63110,67800
E06000030,Swindon,total,150746,170850,180053,209156,233400
E06000030,Swindon,female,76251,86330,90493,104538,117300
E06000030,Swindon,male,74495,84520,89560,104618,116100
E06000031,Peterborough,total,131697,153166,156058,183631,215700
E06000031,Peterborough,female,66248,78339,80051,92772,109100
E06000031,Peterborough,male,65449,74827,76007,90859,106600
E06000032,Luton,total,163209,171671,184372,203201,225300
E06000032,Luton,female,81201,86506,92252,101247,112400
E06000032,Luton,male,82008,85165,92120,101954,112900
E06000033,Southend-on-Sea,total,155815,158517,160259,173658,180700
E06000033,Southend-on-Sea,female,82900,83419,83511,88621,92800
E06000033,Southend-on-Sea,male,72915,75098,76748,85037,87900
E06000034,Thurrock,total,126311,127819,143129,157705,176000
E06000034,Thurrock,female,63709,65117,73459,79882,89800
E06000034,Thurrock,male,62602,62702,69670,77823,86200
E06000035,Medway,total,235374,240228,249484,263925,279800
E06000035,Medway,female,118596,121869,126591,133100,142700
E06000035,Medway,male,116778,118359,122893,130825,137100
E06000036,Bracknell Forest,total,81225,95949,109615,113205,124600
E06000036,Bracknell Forest,female,40265,48104,54738,57098,63200
E06000036,Bracknell Forest,male,40960,47845,54877,56107,61400
E06000037,West Berkshire,total,119740,136700,144482,153822,161400
E06000037,West Berkshire,female,60097,68882,72781,77501,81700
E06000037,West Berkshire,male,59643,67818,71701,76321,79700
E06000038,Reading,total,130891,128877,143092,155698,174200
E06000038,Reading,female,66276,65107,71019,77731,87400
E06000038,Reading,male,64615,63770,72073,77967,86800
E06000039,Slough,total,96715,105628,119058,140205,158500
E06000039,Slough,female,48160,53205,59746,70085,80000
E06000039,Slough,male,48555,52423,59312,70120,78500
E06000040,Windsor and Maidenhead,total,129245,132465,133625,144560,153500
E06000040,Windsor and Maidenhead,female,65878,67735,67729,73232,78100
E06000040,Windsor and Maidenhead,male,63367,64730,65896,71328,75400
E06000041,Wokingham,total,113043,139189,150222,154380,177500
E06000041,Wokingham,female,56452,69765,75109,77916,90300
E06000041,Wokingham,male,56591,69424,75113,76464,87200
E06000042,Milton Keynes,total,123296,176330,207047,248821,287000
E06000042,Milton Keynes,female,62149,89496,104208,125705,145500
E06000042,Milton Keynes,male,61147,86834,102839,123116,141600
E06000043,Brighton and Hove,total,226752,228946,247814,273369,277200
E06000043,Brighton and Hove,female,121700,120684,127912,137261,141600
E06000043,Brighton and Hove,male,105052,108262,119902,136108,135600
E06000044,Portsmouth,total,175382,174697,186702,205056,208100
E06000044,Portsmouth,female,89622,89892,94657,101855,104900
E06000044,Portsmouth,male,85760,84805,92045,103201,103200
E06000045,Southampton,total,201989,196864,217445,236882,249000
E06000045,Southampton,female,103146,100482,108660,117429,124000
E06000045,Southampton,male,98843,96382,108785,119453,125000
E06000046,Isle of Wight,total,114879,124577,132725,138265,140400
E06000046,Isle of Wight,female,60546,65296,69031,70841,72400
E06000046,Isle of Wight,male,54333,59281,63694,67424,68100
E06000047,County Durham,total,501662,494524,493484,513242,522100
E06000047,County Durham,female,255872,254239,253572,261962,266800
E06000047,County Durham,male,245790,240285,239912,251280,255300
E06000049,Cheshire East,total,325091,339279,351818,370127,398800
E06000049,Cheshire East,female,166584,174092,180436,188718,203200
E06000049,Cheshire East,male,158507,165187,171382,181409,195500
E06000050,Cheshire West and Chester,total,307518,310936,321989,329608,357200
E06000050,Cheshire West and Chester,female,157058,159584,165343,169022,182800
E06000050,Cheshire West and Chester,male,150460,151352,156646,160586,174400
E06000051,Shropshire,total,247002,266871,283171,306129,323600
E06000051,Shropshire,female,125615,136259,143064,154523,163900
E06000051,Shropshire,male,121387,130612,140107,151606,159700
E06000052,Cornwall,total,416778,466377,499112,532273,570300
E06000052,Cornwall,female,215978,242565,257708,274468,293700
E06000052,Cornwall,male,200800,223812,241404,257805,276700
E06000053,Isles of Scilly,total,1853,2048,2156,2203,2100
E06000053,Isles of Scilly,female,978,1059,1086,1101,1100
E06000053,Isles of Scilly,male,875,989,1070,1102,1000
E06000054,Wiltshire,total,361889,393621,432973,470981,510400
E06000054,Wiltshire,female,183688,200327,219580,239227,258600
E06000054,Wiltshire,male,178201,193294,213393,231754,251700
E06000055,Bedford,total,131275,133692,147912,157479,185300
E06000055,Bedford,female,66110,68052,74843,80167,94100
E06000055,Bedford,male,65165,65640,73069,77312,91200
E06000056,Central Bedfordshire,total,207680,218742,233662,254381,294200
E06000056,Central Bedfordshire,female,103905,109687,117566,128337,149100
E06000056,Central Bedfordshire,male,103775,109055,116096,126044,145100
E06000057,Northumberland,total,295451,304694,307192,316028,320600
E06000057,Northumberland,female,150854,156680,157239,161904,164000
E06000057,Northumberland,male,144597,148014,149953,154124,156600
E06000058,"Bournemouth, Christchurch and Poole",total,294618,325217,346586,378888,400300
E06000058,"Bournemouth, Christchurch and Poole",female,158125,171911,180972,192507,204800
E06000058,"Bournemouth, Christchurch and Poole",male,136493,153306,165614,186381,195400
E06000059,Dorset,total,284375,319949,346104,365153,379600
E06000059,Dorset,female,146903,165666,178458,186756,195200
E06000059,Dorset,male,137472,154283,167646,178397,184400
E06000060,Buckinghamshire,total,438925,454685,479030,505283,553100
E06000060,Buckinghamshire,female,221636,230580,244293,256937,282700
E06000060,Buckinghamshire,male,217289,224105,234737,248346,270300
E06000061,North Northamptonshire,total,248093,264669,284070,316851,359500
E06000061,North Northamptonshire,female,126124,135249,144167,160674,182500
E06000061,North Northamptonshire,male,121969,129420,139903,156177,177100
E06000062,West Northamptonshire,total,276874,314138,345584,375101,425700
E06000062,West Northamptonshire,female,140694,160163,174740,189936,215000
E06000062,West Northamptonshire,male,136180,153975,170844,185165,210700
E07000008,Cambridge,total,87194,91933,108861,123867,145700
E07000008,Cambridge,female,45222,47147,54545,60883,72700
E07000008,Cambridge,male,41972,44786,54316,62984,73000
E07000009,East Cambridgeshire,total,53414,60416,73202,83818,87700
E07000009,East Cambridgeshire,female,26991,30709,37018,42375,44700
E07000009,East Cambridgeshire,male,26423,29707,36184,41443,43000
E07000010,Fenland,total,67148,74426,83508,95262,102500
E07000010,Fenland,female,34279,38109,42821,48451,52300
E07000010,Fenland,male,32869,36317,40687,46811,50200
E07000011,Huntingdonshire,total,123121,144075,156957,169508,180800
E07000011,Huntingdonshire,female,61442,72374,78963,84976,91100
E07000011,Huntingdonshire,male,61679,71701,77994,84532,89700
E07000012,South Cambridgeshire,total,107319,121109,130112,148755,162000
E07000012,South Cambridgeshire,female,53581,60958,65657,74965,82400
E07000012,South Cambridgeshire,male,53738,60151,64455,73790,79500
E07000026,Allerdale,total,94244,95702,93496,96422,96100
E07000026,Allerdale,female,48350,49085,47925,49051,49100
E07000026,Allerdale,male,45894,46617,45571,47371,47100
E07000027,Barrow-in-Furness,total,72647,73125,71981,69087,67400
E07000027,Barrow-in-Furness,female,36957,37411,36890,34902,34000
E07000027,Barrow-in-Furness,male,35690,35714,35091,34185,33400
E07000028,Carlisle,total,99504,100562,100742,107524,110000
E07000028,Carlisle,female,51509,52082,52006,55046,56100
E07000028,Carlisle,male,47995,48480,48736,52478,53900
E07000029,Copeland,total,71457,71296,69309,70603,67100
E07000029,Copeland,female,35927,36101,34776,35127,33700
E07000029,Copeland,male,35530,35195,34533,35476,33400
E07000030,Eden,total,42425,45581,49783,52564,54700
E07000030,Eden,female,21425,23130,25287,26531,27600
E07000030,Eden,male,21000,22451,24496,26033,27100
E07000031,South Lakeland,total,91419,96897,102304,103658,104500
E07000031,South Lakeland,female,47843,50513,52812,53136,53300
E07000031,South Lakeland,male,43576,46384,49492,50522,51100
E07000032,Amber Valley,total,109036,111897,116474,122309,126200
E07000032,Amber Valley,female,55310,56891,59403,62117,64200
E07000032,Amber Valley,male,53726,55006,57071,60192,62000
E07000033,Bolsover,total,70358,70437,71768,75866,80300
E07000033,Bolsover,female,35413,35752,36504,38478,40700
E07000033,Bolsover,male,34945,34685,35264,37388,39600
E07000034,Chesterfield,total,95963,99403,98847,103788,103600
E07000034,Chesterfield,female,49227,51175,50609,52888,52700
E07000034,Chesterfield,male,46736,48228,48238,50900,50900
E07000035,Derbyshire Dales,total,65674,67562,69464,71116,71500
E07000035,Derbyshire Dales,female,33333,34492,35203,36045,36600
E07000035,Derbyshire Dales,male,32341,33070,34261,35071,34900
E07000036,Erewash,total,101458,106101,110095,112081,112900
E07000036,Erewash,female,51523,54013,56234,57147,57500
E07000036,Erewash,male,49935,52088,53861,54934,55400
E07000037,High Peak,total,81184,85092,89428,90892,90900
E07000037,High Peak,female,41606,43476,45258,46118,46300
E07000037,High Peak,male,39578,41616,44170,44774,44700
E07000038,North East Derbyshire,total,96399,97570,96936,99023,102000
E07000038,North East Derbyshire,female,48460,49289,49371,50459,52300
E07000038,North East Derbyshire,male,47939,48281,47565,48564,49800
E07000039,South Derbyshire,total,67329,71772,81560,94611,107200
E07000039,South Derbyshire,female,34012,36420,41158,47648,54700
E07000039,South Derbyshire,male,33317,35352,40402,46963,52500
E07000040,East Devon,total,103854,115873,125526,132457,150800
E07000040,East Devon,female,55505,61671,66320,69136,78200
E07000040,East Devon,male,48349,54202,59206,63321,72600
E07000041,Exeter,total,92635,98125,111080,117773,130800
E07000041,Exeter,female,48633,51403,57138,60562,67100
E07000041,Exeter,male,44002,46722,53942,57211,63700
E07000042,Mid Devon,total,57507,64258,69775,77750,82800
E07000042,Mid Devon,female,29661,33134,35678,39680,42400
E07000042,Mid Devon,male,27846,31124,34097,38070,40500
E07000043,North Devon,total,76561,84800,87504,93667,98600
E07000043,North Devon,female,39801,44006,45017,48109,50600
E07000043,North Devon,male,36760,40794,42487,45558,48000
E07000044,South Hams,total,65789,77565,81841,83140,88600
E07000044,South Hams,female,33654,40109,42260,43024,46000
E07000044,South Hams,male,32135,37456,39581,40116,42600
E07000045,Teignbridge,total,93679,108258,120955,124220,134800
E07000045,Teignbridge,female,49494,56661,63035,64041,69500
E07000045,Teignbridge,male,44185,51597,57920,60179,65300
E07000046,Torridge,total,46729,52129,58961,63839,68100
E07000046,Torridge,female,24057,26881,30141,32672,34800
E07000046,Torridge,male,22672,25248,28820,31167,33300
E07000047,West Devon,total,42001,45895,48846,53553,57100
E07000047,West Devon,female,21404,23728,24896,27430,29200
E07000047,West Devon,male,20597,22167,23950,26123,27900
E07000061,Eastbourne,total,74098,81395,89672,99412,101700
E07000061,Eastbourne,female,41485,44754,48018,51853,53200
E07000061,Eastbourne,male,32613,36641,41654,47559,48500
E07000062,Hastings,total,73622,80820,85026,90254,91100
E07000062,Hastings,female,40194,43088,44367,46240,46900
E07000062,Hastings,male,33428,37732,40659,44014,44200
E07000063,Lewes,total,76764,87389,92181,97502,99900
E07000063,Lewes,female,40728,46215,48135,50139,51800
E07000063,Lewes,male,36036,41174,44046,47363,48100
E07000064,Rother,total,74081,81683,85423,90588,93100
E07000064,Rother,female,40807,44494,45547,47567,48900
E07000064,Rother,male,33274,37189,39876,43021,44200
E07000065,Wealden,total,115699,130214,140021,148915,160100
E07000065,Wealden,female,61402,68508,73305,77108,83000
E07000065,Wealden,male,54297,61706,66716,71807,77100
E07000066,Basildon,total,151999,161124,165665,174497,187600
E07000066,Basildon,female,77024,82696,85628,89852,96600
E07000066,Basildon,male,74975,78428,80037,84645,91000
E07000067,Braintree,total,111395,118883,132175,147084,155200
E07000067,Braintree,female,56400,60475,67120,74947,79100
E07000067,Braintree,male,54995,58408,65055,72137,76100
E07000068,Brentwood,total,71935,70597,68455,73601,77000
E07000068,Brentwood,female,36664,36243,35253,38019,39600
E07000068,Brentwood,male,35271,34354,33202,35582,37400
E07000069,Castle Point,total,85328,86560,86613,88011,89600
E07000069,Castle Point,female,43425,44186,44288,45104,46200
E07000069,Castle Point,male,41903,42374,42325,42907,43300
E07000070,Chelmsford,total,137406,152418,157074,168310,181500
E07000070,Chelmsford,female,69508,77220,79645,85396,92500
E07000070,Chelmsford,male,67898,75198,77429,82914,89000
E07000071,Colchester,total,131994,142515,155805,173074,192700
E07000071,Colchester,female,67269,72795,78674,87731,98400
E07000071,Colchester,male,64725,69720,77131,85343,94300
E07000072,Epping Forest,total,115828,116027,120907,124659,135000
E07000072,Epping Forest,female,59165,59758,62285,64219,69400
E07000072,Epping Forest,male,56663,56269,58622,60440,65600
E07000073,Harlow,total,79150,74629,78764,81944,93300
E07000073,Harlow,female,39823,38156,40549,42270,47900
E07000073,Harlow,male,39327,36473,38215,39674,45400
E07000074,Maldon,total,47593,52843,59424,61629,66200
E07000074,Maldon,female,24014,26680,29966,31171,33800
E07000074,Maldon,male,23579,26163,29458,30458,32400
E07000075,Rochford,total,73137,75395,78487,83287,85600
E07000075,Rochford,female,37429,38673,40351,42500,44100
E07000075,Rochford,male,35708,36722,38136,40787,41500
E07000076,Tendring,total,112753,125818,138542,138048,148100
E07000076,Tendring,female,60021,66494,72273,71977,76700
E07000076,Tendring,male,52732,59324,66269,66071,71400
E07000077,Uttlesford,total,61246,65432,68943,79443,91300
E07000077,Uttlesford,female,30746,32946,34601,40240,46700
E07000077,Uttlesford,male,30500,32486,34342,39203,44600
E07000078,Cheltenham,total,91293,103115,110008,115732,118800
E07000078,Cheltenham,female,47791,53788,56631,59220,60700
E07000078,Cheltenham,male,43502,49327,53377,56512,58100
E07000079,Cotswold,total,69435,73965,80381,82881,90800
E07000079,Cotswold,female,35664,38319,41315,42777,47100
E07000079,Cotswold,male,33771,35646,39066,40104,43800
E07000080,Forest of Dean,total,71648,75351,79970,81961,87000
E07000080,Forest of Dean,female,36207,38393,40965,41689,44400
E07000080,Forest of Dean,male,35441,36958,39005,40272,42600
E07000081,Gloucester,total,94964,101608,109887,121688,132500
E07000081,Gloucester,female,48574,52010,55883,61584,67000
E07000081,Gloucester,male,46390,49598,54004,60104,65500
E07000082,Stroud,total,96584,103622,107903,112779,121100
E07000082,Stroud,female,49469,53157,54993,57265,61900
E07000082,Stroud,male,47115,50465,52910,55514,59200
E07000083,Tewkesbury,total,69242,70709,76409,81943,94900
E07000083,Tewkesbury,female,35404,36214,39255,41863,48800
E07000083,Tewkesbury,male,33838,34495,37154,40080,46100
E07000084,Basingstoke and Deane,total,128890,144790,152567,167799,185200
E07000084,Basingstoke and Deane,female,65240,73019,77014,84683,93500
E07000084,Basingstoke and Deane,male,63650,71771,75553,83116,91700
E07000085,East Hampshire,total,89433,103460,109272,115608,125700
E07000085,East Hampshire,female,44977,52765,55536,59371,64700
E07000085,East Hampshire,male,44456,50695,53736,56237,61000
E07000086,Eastleigh,total,92140,105999,116161,125199,136400
E07000086,Eastleigh,female,46466,53784,59166,63815,69700
E07000086,Eastleigh,male,45674,52215,56995,61384,66700
E07000087,Fareham,total,87061,99262,107994,111581,114500
E07000087,Fareham,female,44053,50710,55106,56947,58700
E07000087,Fareham,male,43008,48552,52888,54634,55800
E07000088,Gosport,total,76757,75061,76418,82622,81900
E07000088,Gosport,female,38582,38485,39078,41886,41800
E07000088,Gosport,male,38175,36576,37340,40736,40100
E07000089,Hart,total,75381,80921,83515,91033,99400
E07000089,Hart,female,37336,40125,41450,45859,50300
E07000089,Hart,male,38045,40796,42065,45174,49100
E07000090,Havant,total,116080,119697,116854,120684,124200
E07000090,Havant,female,59652,61872,60741,62077,64200
E07000090,Havant,male,56428,57825,56113,58607,60000
E07000091,New Forest,total,143251,160456,169332,176462,175800
E07000091,New Forest,female,74205,83456,88315,91678,91200
E07000091,New Forest,male,69046,77000,81017,84784,84500
E07000092,Rushmoor,total,77486,82526,90982,93807,99800
E07000092,Rushmoor,female,37622,40878,45101,47050,49900
E07000092,Rushmoor,male,39864,41648,45881,46757,49900
E07000093,Test Valley,total,90182,101428,109801,116398,130500
E07000093,Test Valley,female,44878,50934,55892,59518,66600
E07000093,Test Valley,male,45304,50494,53909,56880,63900
E07000094,Winchester,total,88566,96386,107224,116595,127500
E07000094,Winchester,female,45541,49661,54669,59966,65400
E07000094,Winchester,male,43025,46725,52555,56629,62100
E07000095,Broxbourne,total,79377,81449,87064,93609,99000
E07000095,Broxbourne,female,40022,41273,44789,48252,51100
E07000095,Broxbourne,male,39355,40176,42275,45357,47900
E07000096,Dacorum,total,128565,132240,137797,144847,155100
E07000096,Dacorum,female,65140,67268,69998,73540,78900
E07000096,Dacorum,male,63425,64972,67799,71307,76100
E07000098,Hertsmere,total,87328,87590,94455,100031,107800
E07000098,Hertsmere,female,44752,45220,48884,51741,56000
E07000098,Hertsmere,male,42576,42370,45571,48290,51800
E07000099,North Hertfordshire,total,106640,111994,116913,127114,133200
E07000099,North Hertfordshire,female,53990,57013,59942,64734,68500
E07000099,North Hertfordshire,male,52650,54981,56971,62380,64800
E07000102,Three Rivers,total,77755,78457,82847,87317,93800
E07000102,Three Rivers,female,39604,40284,42784,44946,48100
E07000102,Three Rivers,male,38151,38173,40063,42371,45600
E07000103,Watford,total,73927,74566,79727,90301,102300
E07000103,Watford,female,37644,37959,40499,45473,51900
E07000103,Watford,male,36283,36607,39228,44828,50300
E07000105,Ashford,total,84710,92331,102657,117956,132700
E07000105,Ashford,female,43531,47579,52700,60724,68200
E07000105,Ashford,male,41179,44752,49957,57232,64600
E07000106,Canterbury,total,114304,123947,135283,151145,157400
E07000106,Canterbury,female,60710,65433,71154,78507,81800
E07000106,Canterbury,male,53594,58514,64129,72638,75600
E07000107,Dartford,total,79556,79439,85907,97365,116800
E07000107,Dartford,female,40547,40525,43784,49304,59600
E07000107,Dartford,male,39009,38914,42123,48061,57200
E07000108,Dover,total,99429,103216,104565,111674,116400
E07000108,Dover,female,50924,53140,54246,56909,59600
E07000108,Dover,male,48505,50076,50319,54765,56800
E07000109,Gravesham,total,95329,92454,95713,101720,106900
E07000109,Gravesham,female,48570,47398,48830,51581,54700
E07000109,Gravesham,male,46759,45056,46883,50139,52200
E07000110,Maidstone,total,129258,136209,138948,155143,175800
E07000110,Maidstone,female,65922,69714,70598,78651,88800
E07000110,Maidstone,male,63336,66495,68350,76492,87000
E07000111,Sevenoaks,total,107090,108828,109306,114893,120500
E07000111,Sevenoaks,female,54551,55853,56412,59150,62300
E07000111,Sevenoaks,male,52539,52975,52894,55743,58200
E07000112,Folkestone and Hythe,total,84538,91486,96234,107969,109800
E07000112,Folkestone and Hythe,female,44778,48109,50182,54834,56200
E07000112,Folkestone and Hythe,male,39760,43377,46052,53135,53600
E07000113,Swale,total,109013,115769,122805,135835,151700
E07000113,Swale,female,55451,58750,62250,68683,76400
E07000113,Swale,male,53562,57019,60555,67152,75300
E07000114,Thanet,total,118328,123665,126700,134186,140600
E07000114,Thanet,female,63733,65714,66744,69631,72900
E07000114,Thanet,male,54595,57951,59956,64555,67700
E07000115,Tonbridge and Malling,total,96219,101763,107557,120805,132200
E07000115,Tonbridge and Malling,female,48721,51794,54917,61598,67900
E07000115,Tonbridge and Malling,male,47498,49969,52640,59207,64300
E07000116,Tunbridge Wells,total,95245,99538,104031,115049,115300
E07000116,Tunbridge Wells,female,50258,52000,53999,58555,59400
E07000116,Tunbridge Wells,male,44987,47538,50032,56494,56000
E07000117,Burnley,total,91455,91130,89537,87059,94700
E07000117,Burnley,female,47183,47270,46130,44265,47800
E07000117,Burnley,male,44272,43860,43407,42794,46800
E07000118,Chorley,total,90319,96504,100457,107155,117800
E07000118,Chorley,female,45804,49080,50482,53447,59100
E07000118,Chorley,male,44515,47424,49975,53708,58700
E07000119,Fylde,total,67777,70999,73217,75757,81400
E07000119,Fylde,female,35764,37357,38073,38976,41600
E07000119,Fylde,male,32013,33642,35144,36781,39900
E07000120,Hyndburn,total,78862,78390,81498,80734,82200
E07000120,Hyndburn,female,40601,40382,41687,40757,41800
E07000120,Hyndburn,male,38261,38008,39811,39977,40500
E07000121,Lancaster,total,118589,123856,133917,138375,142900
E07000121,Lancaster,female,62353,64907,69812,71534,73000
E07000121,Lancaster,male,56236,58949,64105,66841,69900
E07000122,Pendle,total,85566,85111,89247,89452,95800
E07000122,Pendle,female,44183,43972,45731,45440,48400
E07000122,Pendle,male,41383,41139,43516,44012,47300
E07000123,Preston,total,124414,126082,129633,140202,147900
E07000123,Preston,female,64115,64901,66512,69918,74100
E07000123,Preston,male,60299,61181,63121,70284,73800
E07000124,Ribble Valley,total,53573,51767,53958,57132,61500
E07000124,Ribble Valley,female,27223,26509,27566,29159,31300
E07000124,Ribble Valley,male,26350,25258,26392,27973,30200
E07000125,Rossendale,total,64444,65681,65657,67982,70800
E07000125,Rossendale,female,33141,33833,33686,34615,36100
E07000125,Rossendale,male,31303,31848,31971,33367,34700
E07000126,South Ribble,total,97227,102001,103872,109057,111000
E07000126,South Ribble,female,49726,52369,53248,55713,56700
E07000126,South Ribble,male,47501,49632,50624,53344,54300
E07000127,West Lancashire,total,106385,107978,108375,110685,117400
E07000127,West Lancashire,female,54508,55814,56140,56845,61000
E07000127,West Lancashire,male,51877,52164,52235,53840,56400
E07000128,Wyre,total,97512,101818,105620,107749,111900
E07000128,Wyre,female,51345,53591,55378,55524,57500
E07000128,Wyre,male,46167,48227,50242,52225,54400
E07000129,Blaby,total,76610,82700,90254,93915,102900
E07000129,Blaby,female,38722,41766,45407,47687,52500
E07000129,Blaby,male,37888,40934,44847,46228,50400
E07000130,Charnwood,total,132932,141806,153466,166100,183900
E07000130,Charnwood,female,67176,71834,77146,83187,91900
E07000130,Charnwood,male,65756,69972,76320,82913,92000
E07000131,Harborough,total,60654,67607,76557,85382,97600
E07000131,Harborough,female,30627,34157,38588,43029,49300
E07000131,Harborough,male,30027,33450,37969,42353,48400
E07000132,Hinckley and Bosworth,total,87188,96201,100141,105078,113600
E07000132,Hinckley and Bosworth,female,44096,48858,50974,53378,57600
E07000132,Hinckley and Bosworth,male,43092,47343,49167,51700,56000
E07000133,Melton,total,42910,45112,47862,50376,51800
E07000133,Melton,female,21802,22964,24330,25658,26500
E07000133,Melton,male,21108,22148,23532,24718,25300
E07000134,North West Leicestershire,total,78407,80566,85507,93468,104700
E07000134,North West Leicestershire,female,39608,40792,43269,47133,53100
E07000134,North West Leicestershire,male,38799,39774,42238,46335,51600
E07000135,Oadby and Wigston,total,50704,51547,55795,56170,57700
E07000135,Oadby and Wigston,female,25736,26375,28607,29001,29800
E07000135,Oadby and Wigston,male,24968,25172,27188,27169,28000
E07000136,Boston,total,52207,53226,55751,64637,70500
E07000136,Boston,female,26780,27392,28419,33101,35800
E07000136,Boston,male,25427,25834,27332,31536,34700
E07000137,East Lindsey,total,102967,116957,130447,136401,142300
E07000137,East Lindsey,female,52513,59969,66392,69974,72800
E07000137,East Lindsey,male,50454,56988,64055,66427,69500
E07000138,Lincoln,total,75617,81987,85598,93541,103900
E07000138,Lincoln,female,38725,42555,43904,47768,52400
E07000138,Lincoln,male,36892,39432,41694,45773,51400
E07000139,North Kesteven,total,78222,79942,94028,107766,118000
E07000139,North Kesteven,female,38650,40544,48011,55163,60200
E07000139,North Kesteven,male,39572,39398,46017,52603,57800
E07000140,South Holland,total,61631,67261,76519,88270,95100
E07000140,South Holland,female,31148,34327,39122,45151,48400
E07000140,South Holland,male,30483,32934,37397,43119,46700
E07000141,South Kesteven,total,96960,108945,124793,133788,143400
E07000141,South Kesteven,female,49368,55783,63685,69132,73900
E07000141,South Kesteven,male,47592,53162,61108,64656,69500
E07000142,West Lindsey,total,75340,76218,79521,89250,95200
E07000142,West Lindsey,female,37636,38795,40545,45759,48500
E07000142,West Lindsey,male,37704,37423,38976,43491,46700
E07000143,Breckland,total,95857,107167,121418,130491,141500
E07000143,Breckland,female,48744,54599,61338,65925,71400
E07000143,Breckland,male,47113,52568,60080,64566,70100
E07000144,Broadland,total,97470,106292,118513,124646,131700
E07000144,Broadland,female,49591,54156,60740,63852,67500
E07000144,Broadland,male,47879,52136,57773,60794,64300
E07000145,Great Yarmouth,total,80122,87724,90803,97277,99800
E07000145,Great Yarmouth,female,41433,45295,46798,49515,50900
E07000145,Great Yarmouth,male,38689,42429,44005,47762,48900
E07000146,King's Lynn and West Norfolk,total,119335,130462,135343,147451,154300
E07000146,King's Lynn and West Norfolk,female,60454,66730,69524,75398,79000
E07000146,King's Lynn and West Norfolk,male,58881,63732,65819,72053,75400
E07000147,North Norfolk,total,80089,90461,98377,101499,103000
E07000147,North Norfolk,female,41106,46766,50908,52296,52700
E07000147,North Norfolk,male,38983,43695,47469,49203,50300
E07000148,Norwich,total,119759,120895,121558,132512,144000
E07000148,Norwich,female,62424,62695,62723,67245,72900
E07000148,Norwich,male,57335,58200,58835,65267,71100
E07000149,South Norfolk,total,92600,102612,110705,124012,141900
E07000149,South Norfolk,female,47249,52334,56854,63497,72700
E07000149,South Norfolk,male,45351,50278,53851,60515,69200
E07000163,Craven,total,46409,49891,53616,55409,56900
E07000163,Craven,female,24135,26120,27822,28655,29300
E07000163,Craven,male,22274,23771,25794,26754,27600
E07000164,Hambleton,total,73538,79425,84106,89140,90700
E07000164,Hambleton,female,36945,40105,42641,45158,46400
E07000164,Hambleton,male,36593,39320,41465,43982,44200
E07000165,Harrogate,total,133210,138266,151337,157869,162700
E07000165,Harrogate,female,69140,72084,78151,80832,83000
E07000165,Harrogate,male,64070,66182,73186,77037,79700
E07000166,Richmondshire,total,41274,44179,47010,51965,49700
E07000166,Richmondshire,female,19894,21760,22740,24558,24300
E07000166,Richmondshire,male,21380,22419,24270,27407,25400
E07000167,Ryedale,total,43921,47560,50881,51751,54700
E07000167,Ryedale,female,22249,24169,25712,26338,28000
E07000167,Ryedale,male,21672,23391,25169,25413,26700
E07000168,Scarborough,total,98791,106221,106240,108793,108800
E07000168,Scarborough,female,52740,56320,55871,56223,55900
E07000168,Scarborough,male,46051,49901,50369,52570,52900
E07000169,Selby,total,58088,69898,76472,83449,92000
E07000169,Selby,female,29077,35239,39043,42502,46800
E07000169,Selby,male,29011,34659,37429,40947,45200
E07000170,Ashfield,total,105831,108364,111394,119497,126300
E07000170,Ashfield,female,53610,55176,57022,60832,64400
E07000170,Ashfield,male,52221,53188,54372,58665,61900
E07000171,Bassetlaw,total,101120,103979,107709,112863,117800
E07000171,Bassetlaw,female,50774,52648,54520,56839,59400
E07000171,Bassetlaw,male,50346,51331,53189,56024,58400
E07000172,Broxtowe,total,102395,107137,107567,109487,110900
E07000172,Broxtowe,female,51966,54558,54686,55369,56500
E07000172,Broxtowe,male,50429,52579,52881,54118,54400
E07000173,Gedling,total,107749,110133,111787,113543,117300
E07000173,Gedling,female,54828,56453,57526,58195,60400
E07000173,Gedling,male,52921,53680,54261,55348,56900
E07000174,Mansfield,total,99358,100386,98179,104466,110500
E07000174,Mansfield,female,50322,51175,50411,53158,56100
E07000174,Mansfield,male,49036,49211,47768,51308,54400
E07000175,Newark and Sherwood,total,100059,102784,106271,114817,122900
E07000175,Newark and Sherwood,female,50475,52447,54435,58261,62500
E07000175,Newark and Sherwood,male,49584,50337,51836,56556,60500
E07000176,Rushcliffe,total,91979,97567,105593,111129,119000
E07000176,Rushcliffe,female,46823,49913,53790,56426,60700
E07000176,Rushcliffe,male,45156,47654,51803,54703,58300
E07000177,Cherwell,total,106051,117832,131787,141868,161000
E07000177,Cherwell,female,53089,59476,66618,71742,81100
E07000177,Cherwell,male,52962,58356,65169,70126,79900
E07000178,Oxford,total,104679,110103,134250,151906,162100
E07000178,Oxford,female,54028,56604,67971,76571,82400
E07000178,Oxford,male,50651,53499,66279,75335,79700
E07000179,South Oxfordshire,total,116386,119476,128187,134257,149100
E07000179,South Oxfordshire,female,58830,60604,64984,68252,75600
E07000179,South Oxfordshire,male,57556,58872,63203,66005,73500
E07000180,Vale of White Horse,total,100380,109922,115626,120988,138900
E07000180,Vale of White Horse,female,50193,55168,58122,60930,70000
E07000180,Vale of White Horse,male,50187,54754,57504,60058,69000
E07000181,West Oxfordshire,total,79734,90251,95639,104779,114200
E07000181,West Oxfordshire,female,39997,45366,48548,53332,58100
E07000181,West Oxfordshire,male,39737,44885,47091,51447,56100
E07000187,Mendip,total,86182,95603,103869,109279,116100
E07000187,Mendip,female,43894,49035,53145,55892,59700
E07000187,Mendip,male,42288,46568,50724,53387,56400
E07000188,Sedgemoor,total,88581,97763,105882,114588,125400
E07000188,Sedgemoor,female,45446,50095,54291,58540,63300
E07000188,Sedgemoor,male,43135,47668,51591,56048,62100
E07000189,South Somerset,total,129288,141655,150972,161243,172700
E07000189,South Somerset,female,66205,72774,77164,82137,88200
E07000189,South Somerset,male,63083,68881,73808,79106,84500
E07000192,Cannock Chase,total,84609,88833,92125,97462,100500
E07000192,Cannock Chase,female,42409,44781,46750,49336,51000
E07000192,Cannock Chase,male,42200,44052,45375,48126,49500
E07000193,East Staffordshire,total,94459,97105,103787,113583,124000
E07000193,East Staffordshire,female,47964,49603,53194,57198,62000
E07000193,East Staffordshire,male,46495,47502,50593,56385,62000
E07000194,Lichfield,total,88134,92679,93227,100654,106400
E07000194,Lichfield,female,44138,46826,47441,50734,54000
E07000194,Lichfield,male,43996,45853,45786,49920,52500
E07000195,Newcastle-under-Lyme,total,117217,119091,122029,123871,123300
E07000195,Newcastle-under-Lyme,female,59625,60995,62782,62665,62900
E07000195,Newcastle-under-Lyme,male,57592,58096,59247,61206,60400
E07000196,South Staffordshire,total,96183,105487,105896,108131,110500
E07000196,South Staffordshire,female,48267,53224,53665,54888,55200
E07000196,South Staffordshire,male,47916,52263,52231,53243,55300
E07000197,Stafford,total,115796,117788,120660,130869,136800
E07000197,Stafford,female,58233,59745,60907,65315,69200
E07000197,Stafford,male,57563,58043,59753,65554,67600
E07000198,Staffordshire Moorlands,total,95152,95450,94487,97106,95800
E07000198,Staffordshire Moorlands,female,48023,48291,48000,49316,48500
E07000198,Staffordshire Moorlands,male,47129,47159,46487,47790,47300
E07000199,Tamworth,total,64253,70065,74529,76813,78600
E07000199,Tamworth,female,32233,35329,37833,39119,39900
E07000199,Tamworth,male,32020,34736,36696,37694,38700
E07000200,Babergh,total,72349,79632,83457,87740,92300
E07000200,Babergh,female,36826,40622,42722,44736,47500
E07000200,Babergh,male,35523,39010,40735,43004,44800
E07000202,Ipswich,total,119500,116956,117071,133384,139700
E07000202,Ipswich,female,61135,60098,59672,66956,70300
E07000202,Ipswich,male,58365,56858,57399,66428,69300
E07000203,Mid Suffolk,total,69342,78383,86834,96731,102700
E07000203,Mid Suffolk,female,34734,39528,43583,48807,52100
E07000203,Mid Suffolk,male,34608,38855,43251,47924,50600
E07000207,Elmbridge,total,111112,114479,121933,130875,138800
E07000207,Elmbridge,female,57780,59388,63061,67413,71700
E07000207,Elmbridge,male,53332,55091,58872,63462,67000
E07000208,Epsom and Ewell,total,68538,67007,67059,75102,80900
E07000208,Epsom and Ewell,female,35650,34591,34631,38690,41700
E07000208,Epsom and Ewell,male,32888,32416,32428,36412,39200
E07000209,Guildford,total,118508,122378,129695,137183,143600
E07000209,Guildford,female,61267,62423,65712,69260,72900
E07000209,Guildford,male,57241,59955,63983,67923,70700
E07000210,Mole Valley,total,76028,79220,80285,85375,87400
E07000210,Mole Valley,female,39422,41002,41300,43626,44900
E07000210,Mole Valley,male,36606,38218,38985,41749,42500
E07000211,Reigate and Banstead,total,115482,117777,126525,137835,150900
E07000211,Reigate and Banstead,female,59996,60845,64424,70413,77000
E07000211,Reigate and Banstead,male,55486,56932,62101,67422,73800
E07000212,Runnymede,total,70126,71789,78037,80510,88100
E07000212,Runnymede,female,35731,36775,40059,41362,45500
E07000212,Runnymede,male,34395,35014,37978,39148,42500
E07000213,Spelthorne,total,92032,86916,90385,95598,103000
E07000213,Spelthorne,female,46763,44098,46036,48545,52300
E07000213,Spelthorne,male,45269,42818,44349,47053,50600
E07000214,Surrey Heath,total,75807,79073,80314,86144,90500
E07000214,Surrey Heath,female,38062,39755,40614,43276,46000
E07000214,Surrey Heath,male,37745,39318,39700,42868,44500
E07000215,Tandridge,total,75701,76316,79268,82998,87900
E07000215,Tandridge,female,38781,39300,41103,42840,45500
E07000215,Tandridge,male,36920,37016,38165,40158,42300
E07000216,Waverley,total,107852,113212,115667,121572,128200
E07000216,Waverley,female,56291,58910,59567,62246,66100
E07000216,Waverley,male,51561,54302,56100,59326,62200
E07000217,Woking,total,81303,86765,89854,99198,103900
E07000217,Woking,female,41522,44205,45978,50054,52300
E07000217,Woking,male,39781,42560,43876,49144,51600
E07000218,North Warwickshire,total,59639,60747,61863,62014,65000
E07000218,North Warwickshire,female,29858,30623,31402,31410,33100
E07000218,North Warwickshire,male,29781,30124,30461,30604,31900
E07000219,Nuneaton and Bedworth,total,112961,117052,119136,125252,134200
E07000219,Nuneaton and Bedworth,female,56845,59214,60616,63811,68300
E07000219,Nuneaton and Bedworth,male,56116,57838,58520,61441,65900
E07000220,Rugby,total,84686,84563,87453,100075,114400
E07000220,Rugby,female,42772,42766,44104,50191,57400
E07000220,Rugby,male,41914,41797,43349,49884,57000
E07000221,Stratford-on-Avon,total,99402,105586,111483,120485,134700
E07000221,Stratford-on-Avon,female,50613,54129,57509,61988,69400
E07000221,Stratford-on-Avon,male,48789,51457,53974,58497,65300
E07000222,Warwick,total,113113,116299,125932,137648,148500
E07000222,Warwick,female,57788,59702,63967,68998,74600
E07000222,Warwick,male,55325,56597,61965,68650,73900
E07000223,Adur,total,57548,58019,59628,61182,64500
E07000223,Adur,female,30694,30689,31224,31669,33300
E07000223,Adur,male,26854,27330,28404,29513,31200
E07000224,Arun,total,115666,129357,140755,149518,164800
E07000224,Arun,female,62584,69252,74545,78215,85400
E07000224,Arun,male,53082,60105,66210,71303,79400
E07000225,Chichester,total,95609,101358,106450,113794,124100
E07000225,Chichester,female,50404,53656,56144,59393,64600
E07000225,Chichester,male,45205,47702,50306,54401,59500
E07000226,Crawley,total,72543,87644,99740,106597,118500
E07000226,Crawley,female,36623,44736,50824,53899,59500
E07000226,Crawley,male,35920,42908,48916,52698,59000
E07000227,Horsham,total,100332,108562,122089,131301,146800
E07000227,Horsham,female,51993,55951,62793,67495,75200
E07000227,Horsham,male,48339,52611,59296,63806,71600
E07000228,Mid Sussex,total,117739,121193,127380,139860,152600
E07000228,Mid Sussex,female,61035,62577,65670,71398,78500
E07000228,Mid Sussex,male,56704,58616,61710,68462,74100
E07000229,Worthing,total,90687,96157,97565,104640,111400
E07000229,Worthing,female,51313,52306,51798,54256,57500
E07000229,Worthing,male,39374,43851,45767,50384,53900
E07000234,Bromsgrove,total,86978,91544,87838,93637,99200
E07000234,Bromsgrove,female,44234,46859,44696,47337,50700
E07000234,Bromsgrove,male,42744,44685,43142,46300,48400
E07000235,Malvern Hills,total,64760,68653,72175,74631,79400
E07000235,Malvern Hills,female,33409,35531,37132,38295,40800
E07000235,Malvern Hills,male,31351,33122,35043,36336,38600
E07000236,Redditch,total,66395,78106,78816,84214,87000
E07000236,Redditch,female,33275,39578,39987,42366,44100
E07000236,Redditch,male,33120,38528,38829,41848,43000
E07000237,Worcester,total,74121,81755,93356,98768,103900
E07000237,Worcester,female,38170,42032,47868,50205,53000
E07000237,Worcester,male,35951,39723,45488,48563,50900
E07000238,Wychavon,total,94100,101716,112950,116944,132500
E07000238,Wychavon,female,47829,51896,57225,59499,67500
E07000238,Wychavon,male,46271,49820,55725,57445,65000
E07000239,Wyre Forest,total,91169,94814,96982,97975,101600
E07000239,Wyre Forest,female,46390,48375,49322,49676,51800
E07000239,Wyre Forest,male,44779,46439,47660,48299,49800
E07000240,St Albans,total,124317,126202,129008,140664,148200
E07000240,St Albans,female,63158,64255,65594,71624,75900
E07000240,St Albans,male,61159,61947,63414,69040,72300
E07000241,Welwyn Hatfield,total,92665,92366,97552,110535,119900
E07000241,Welwyn Hatfield,female,46922,47155,50190,56171,60900
E07000241,Welwyn Hatfield,male,45743,45211,47362,54364,58900
E07000242,East Hertfordshire,total,106279,115818,128918,137687,150100
E07000242,East Hertfordshire,female,53609,58613,65697,69997,76700
E07000242,East Hertfordshire,male,52670,57205,63221,67690,73500
E07000243,Stevenage,total,73907,75147,79710,83957,89500
E07000243,Stevenage,female,37329,38146,40542,42474,45300
E07000243,Stevenage,male,36578,37001,39168,41483,44100
E07000244,East Suffolk,total,192392,214721,227479,239552,245900
E07000244,East Suffolk,female,98631,110260,117562,122868,126100
E07000244,East Suffolk,male,93761,104461,109917,116684,119700
E07000245,West Suffolk,total,136550,146574,153699,170756,179800
E07000245,West Suffolk,female,68463,73754,77107,85009,89800
E07000245,West Suffolk,male,68087,72820,76592,85747,90000
E07000246,Somerset West and Taunton,total,113406,125347,137384,144862,157400
E07000246,Somerset West and Taunton,female,59105,65519,71543,75007,81000
E07000246,Somerset West and Taunton,male,54301,59828,65841,69855,76500
E08000001,Bolton,total,260228,258584,261035,276786,296000
E08000001,Bolton,female,133235,132958,133935,140126,150100
E08000001,Bolton,male,126993,125626,127100,136660,145900
E08000002,Bury,total,175452,176760,180605,185060,193800
E08000002,Bury,female,90494,91241,92665,94472,98800
E08000002,Bury,male,84958,85519,87940,90588,95100
E08000003,Manchester,total,437663,404861,392816,503127,552000
E08000003,Manchester,female,224821,210682,201252,250504,277800
E08000003,Manchester,male,212842,194179,191564,252623,274200
E08000004,Oldham,total,219461,216531,217278,224897,242100
E08000004,Oldham,female,112499,111828,112244,114742,123900
E08000004,Oldham,male,106962,104703,105034,110155,118200
E08000005,Rochdale,total,206331,202164,205355,211699,223800
E08000005,Rochdale,female,105651,104419,105654,108057,114000
E08000005,Rochdale,male,100680,97745,99701,103642,109700
E08000006,Salford,total,241522,220463,216109,233933,269900
E08000006,Salford,female,124370,114209,109911,117151,134400
E08000006,Salford,male,117152,106254,106198,116782,135500
E08000007,Stockport,total,288982,284395,284530,283275,294800
E08000007,Stockport,female,148984,147116,147263,144875,151400
E08000007,Stockport,male,139998,137279,137267,138400,143400
E08000008,Tameside,total,217043,216431,213041,219324,231100
E08000008,Tameside,female,111798,111617,109696,111674,117800
E08000008,Tameside,male,105245,104814,103345,107650,113300
E08000009,Trafford,total,221002,212731,210143,226578,235100
E08000009,Trafford,female,114101,110252,107982,115619,120700
E08000009,Trafford,male,106901,102479,102161,110959,114400
E08000010,Wigan,total,307723,306521,301416,317849,329300
E08000010,Wigan,female,157444,156718,153557,159853,166300
E08000010,Wigan,male,150279,149803,147859,157996,163000
E08000011,Knowsley,total,172991,152091,150458,145893,154500
E08000011,Knowsley,female,88150,79769,79396,76564,80700
E08000011,Knowsley,male,84841,72322,71062,69329,73800
E08000012,Liverpool,total,503722,452450,439469,466415,486100
E08000012,Liverpool,female,262490,238174,229662,235932,249400
E08000012,Liverpool,male,241232,214276,209807,230483,236700
E08000013,St. Helens,total,189251,178764,176842,175308,183200
E08000013,St. Helens,female,96385,91879,91128,89170,93300
E08000013,St. Helens,male,92866,86885,85714,86138,89900
E08000014,Sefton,total,298204,289542,282968,273790,279300
E08000014,Sefton,female,155972,152939,149474,142553,144000
E08000014,Sefton,male,142232,136603,133494,131237,135300
E08000015,Wirral,total,338952,330795,312284,319783,320200
E08000015,Wirral,female,176766,174515,165110,165936,165100
E08000015,Wirral,male,162186,156280,147174,153847,155100
E08000016,Barnsley,total,223903,220937,218058,231221,244600
E08000016,Barnsley,female,113295,113016,111962,117587,124300
E08000016,Barnsley,male,110608,107921,106096,113634,120300
E08000017,Doncaster,total,286924,288854,286862,302402,308100
E08000017,Doncaster,female,144873,147564,146749,153172,155400
E08000017,Doncaster,male,142051,141290,140113,149230,152800
E08000018,Rotherham,total,250359,251637,248185,257280,265800
E08000018,Rotherham,female,126972,128771,127491,131033,135500
E08000018,Rotherham,male,123387,122866,120694,126247,130300
E08000019,Sheffield,total,530843,501202,513232,552698,556500
E08000019,Sheffield,female,273808,259148,262603,280037,282300
E08000019,Sheffield,male,257035,242054,250629,272661,274200
E08000021,Newcastle upon Tyne,total,272914,259541,259526,280177,300200
E08000021,Newcastle upon Tyne,female,141925,135916,134060,139951,151800
E08000021,Newcastle upon Tyne,male,130989,123625,125466,140226,148400
E08000022,North Tyneside,total,197441,192286,191660,200801,209000
E08000022,North Tyneside,female,102298,100810,99953,103918,107600
E08000022,North Tyneside,male,95143,91476,91707,96883,101400
E08000023,South Tyneside,total,160101,154697,152791,148127,147800
E08000023,South Tyneside,female,81899,80378,78713,76567,76100
E08000023,South Tyneside,male,78202,74319,74078,71560,71700
E08000024,Sunderland,total,294102,289040,280807,275506,274200
E08000024,Sunderland,female,150701,149579,144182,141553,141100
E08000024,Sunderland,male,143401,139461,136625,133953,133100
E08000025,Birmingham,total,996369,961041,977094,1073045,1144900
E08000025,Birmingham,female,507604,495936,503827,545239,584300
E08000025,Birmingham,male,488765,465105,473267,527806,560500
E08000026,Coventry,total,310216,294387,300855,316960,345300
E08000026,Coventry,female,156534,150736,151732,159339,173100
E08000026,Coventry,male,153682,143651,149123,157621,172200
E08000027,Dudley,total,298524,304615,305156,312925,323500
E08000027,Dudley,female,151010,155205,155441,159106,164500
E08000027,Dudley,male,147514,149410,149715,153819,159000
E08000028,Sandwell,total,306993,290091,282903,308063,341900
E08000028,Sandwell,female,156179,148996,146408,156471,173600
E08000028,Sandwell,male,150814,141095,136495,151592,168200
E08000029,Solihull,total,197933,199859,199512,206674,216200
E08000029,Solihull,female,100529,102585,102829,106322,111300
E08000029,Solihull,male,97404,97274,96683,100352,104900
E08000030,Walsall,total,265922,259488,253501,269323,284100
E08000030,Walsall,female,134355,132197,130306,137004,145400
E08000030,Walsall,male,131567,127291,123195,132319,138700
E08000031,Wolverhampton,total,252462,242190,236584,249470,263700
E08000031,Wolverhampton,female,127808,123866,120724,126029,134300
E08000031,Wolverhampton,male,124654,118324,115860,123441,129400
E08000032,Bradford,total,454198,457344,467666,522452,546400
E08000032,Bradford,female,233095,236642,242530,265320,278900
E08000032,Bradford,male,221103,220702,225136,257132,267500
E08000033,Calderdale,total,190330,191585,192405,203826,206600
E08000033,Calderdale,female,98648,99573,99395,104199,105900
E08000033,Calderdale,male,91682,92012,93010,99627,100700
E08000034,Kirklees,total,370579,373127,388571,422458,433300
E08000034,Kirklees,female,190703,192480,199737,213801,220900
E08000034,Kirklees,male,179876,180647,188834,208657,212400
E08000035,Leeds,total,696714,680722,715406,751485,812000
E08000035,Leeds,female,359406,352663,369649,383550,415600
E08000035,Leeds,male,337308,328059,345757,367935,396300
E08000036,Wakefield,total,309886,310915,315171,325837,353300
E08000036,Wakefield,female,157179,159143,161964,165924,179500
E08000036,Wakefield,male,152707,151772,153207,159913,173800
E08000037,Gateshead,total,210934,199588,191151,200214,196100
E08000037,Gateshead,female,108018,103231,98743,102240,100000
E08000037,Gateshead,male,102916,96357,92408,97974,96200
E09000001,City of London,total,4701,4142,7180,7375,8600
E09000001,City of London,female,2283,1990,3350,3284,3800
E09000001,City of London,male,2418,2152,3830,4091,4800
E09000002,Barking and Dagenham,total,148979,143681,163946,185911,218900
E09000002,Barking and Dagenham,female,77182,74755,85873,95674,112400
E09000002,Barking and Dagenham,male,71797,68926,78073,90237,106500
E09000003,Barnet,total,290197,293564,314558,356386,389300
E09000003,Barnet,female,152155,154038,164775,183710,200900
E09000003,Barnet,male,138042,139526,149783,172676,188400
E09000004,Bexley,total,214355,215615,218309,231997,246500
E09000004,Bexley,female,109747,111214,113159,120321,128000
E09000004,Bexley,male,104608,104401,105150,111676,118500
E09000005,Brent,total,251238,243025,263455,311215,339800
E09000005,Brent,female,128392,124836,135658,154747,173100
E09000005,Brent,male,122846,118189,127797,156468,166800
E09000006,Bromley,total,294526,290609,295531,309392,330000
E09000006,Bromley,female,152841,151770,153747,160804,171700
E09000006,Bromley,male,141685,138839,141784,148588,158200
E09000007,Camden,total,161098,170444,198022,220338,210100
E09000007,Camden,female,85788,90254,102624,112453,110600
E09000007,Camden,male,75310,80190,95398,107885,99500
E09000008,Croydon,total,316306,313510,330592,363378,390800
E09000008,Croydon,female,163550,162557,171484,187154,203000
E09000008,Croydon,male,152756,150953,159108,176224,187800
E09000009,Ealing,total,278677,275257,300945,338449,367100
E09000009,Ealing,female,142373,141790,153383,169274,186300
E09000009,Ealing,male,136304,133467,147562,169175,180800
E09000010,Enfield,total,257154,257417,273563,312466,330000
E09000010,Enfield,female,132990,133441,142856,161812,172500
E09000010,Enfield,male,124164,123976,130707,150654,157500
E09000011,Greenwich,total,209873,207650,214410,254557,289100
E09000011,Greenwich,female,108842,108633,111628,128333,148500
E09000011,Greenwich,male,101031,99017,102782,126224,140500
E09000012,Hackney,total,179529,181248,202824,246270,259200
E09000012,Hackney,female,92902,94298,105821,124241,135300
E09000012,Hackney,male,86627,86950,97003,122029,123900
E09000013,Hammersmith and Fulham,total,144616,148502,165248,182493,183200
E09000013,Hammersmith and Fulham,female,75834,78891,86254,93579,97200
E09000013,Hammersmith and Fulham,male,68782,69611,78994,88914,85900
E09000014,Haringey,total,202650,202204,216509,254926,264200
E09000014,Haringey,female,104663,104710,112843,128702,137000
E09000014,Haringey,male,97987,97494,103666,126224,127200
E09000015,Harrow,total,196159,200100,206813,239056,261300
E09000015,Harrow,female,101722,103834,106862,121033,132500
E09000015,Harrow,male,94437,96266,99951,118023,128800
E09000016,Havering,total,239788,229492,224250,237232,262000
E09000016,Havering,female,122235,118328,116291,123023,135600
E09000016,Havering,male,117553,111164,107959,114209,126400
E09000017,Hillingdon,total,226263,231602,243009,273936,305900
E09000017,Hillingdon,female,115358,118468,125552,138125,154800
E09000017,Hillingdon,male,110905,113134,117457,135811,151100
E09000018,Hounslow,total,198938,204397,212338,253957,288200
E09000018,Hounslow,female,101776,104483,108097,126560,145000
E09000018,Hounslow,male,97162,99914,104241,127397,143100
E09000019,Islington,total,157522,164686,175799,206125,216600
E09000019,Islington,female,81629,86692,91569,104720,113300
E09000019,Islington,male,75893,77994,84230,101405,103300
E09000020,Kensington and Chelsea,total,125892,138394,158930,158649,143400
E09000020,Kensington and Chelsea,female,68215,73380,82972,80455,76400
E09000020,Kensington and Chelsea,male,57677,65014,75958,78194,67000
E09000021,Kingston upon Thames,total,131236,132996,147271,160060,168000
E09000021,Kingston upon Thames,female,68283,68824,75285,81957,87000
E09000021,Kingston upon Thames,male,62953,64172,71986,78103,81000
E09000022,Lambeth,total,244143,244834,266165,303086,317600
E09000022,Lambeth,female,126801,128269,135014,152165,163700
E09000022,Lambeth,male,117342,116565,131151,150921,153900
E09000023,Lewisham,total,230488,230983,248923,275885,300600
E09000023,Lewisham,female,120388,121740,128943,140928,157800
E09000023,Lewisham,male,110100,109243,119980,134957,142700
E09000024,Merton,total,165102,168470,187897,199693,215200
E09000024,Merton,female,86220,87625,96391,101178,110500
E09000024,Merton,male,78882,80845,91506,98515,104700
E09000025,Newham,total,209128,212170,243885,307984,351100
E09000025,Newham,female,106709,108361,124022,147648,175600
E09000025,Newham,male,102419,103809,119863,160336,175500
E09000026,Redbridge,total,224731,226218,238623,278970,310300
E09000026,Redbridge,female,116248,117226,122781,140897,156900
E09000026,Redbridge,male,108483,108992,115842,138073,153300
E09000027,Richmond upon Thames,total,157304,160732,172331,186990,195200
E09000027,Richmond upon Thames,female,82672,84329,88993,95841,101300
E09000027,Richmond upon Thames,male,74632,76403,83338,91149,93900
E09000028,Southwark,total,209735,218541,244871,288283,307700
E09000028,Southwark,female,109410,114569,125052,145665,158600
E09000028,Southwark,male,100325,103972,119819,142618,149000
E09000029,Sutton,total,167547,168880,179762,190146,209600
E09000029,Sutton,female,87703,88179,92886,97703,108100
E09000029,Sutton,male,79844,80701,86876,92443,101400
E09000030,Tower Hamlets,total,139996,161064,196105,254096,310300
E09000030,Tower Hamlets,female,70502,81665,97931,123190,154500
E09000030,Tower Hamlets,male,69494,79399,98174,130906,155800
E09000031,Waltham Forest,total,214595,212033,218335,258249,278400
E09000031,Waltham Forest,female,111246,110164,112095,129279,141900
E09000031,Waltham Forest,male,103349,101869,106240,128970,136600
E09000032,Wandsworth,total,252240,252425,260377,306995,327500
E09000032,Wandsworth,female,132047,133009,136634,158349,172300
E09000032,Wandsworth,male,120193,119416,123743,148646,155200
E09000033,Westminster,total,163892,174814,181293,219396,204300
E09000033,Westminster,female,87330,91781,92484,107848,105300
E09000033,Westminster,male,76562,83033,88809,111548,99000
W06000001,Isle of Anglesey,total,66496,69149,66832,69751,68900
W06000001,Isle of Anglesey,female,33815,35581,34486,35477,35200
W06000001,Isle of Anglesey,male,32681,33568,32346,34274,33700
W06000002,Gwynedd,total,106154,113331,116848,121874,117400
W06000002,Gwynedd,female,55524,58940,60816,61968,59900
W06000002,Gwynedd,male,50630,54391,56032,59906,57500
W06000003,Conwy,total,95429,106303,109604,115228,114800
W06000003,Conwy,female,51484,56660,57445,59479,59100
W06000003,Conwy,male,43945,49643,52159,55749,55600
W06000004,Denbighshire,total,83080,88241,93072,93734,95800
W06000004,Denbighshire,female,43914,46471,48525,47747,49200
W06000004,Denbighshire,male,39166,41770,44547,45987,46600
W06000005,Flintshire,total,136891,141344,148591,152506,155000
W06000005,Flintshire,female,69495,72317,75700,77259,79100
W06000005,Flintshire,male,67396,69027,72891,75247,75900
W06000006,Wrexham,total,118055,123364,128472,134844,135100
W06000006,Wrexham,female,60296,63820,65751,67792,68200
W06000006,Wrexham,male,57759,59544,62721,67052,66900
W06000008,Ceredigion,total,55357,63094,74939,75922,71500
W06000008,Ceredigion,female,28584,32513,38396,38129,36500
W06000008,Ceredigion,male,26773,30581,36543,37793,35000
W06000009,Pembrokeshire,total,105412,112085,114139,122439,123400
W06000009,Pembrokeshire,female,53732,57631,59107,62616,63300
W06000009,Pembrokeshire,male,51680,54454,55032,59823,60100
W06000010,Carmarthenshire,total,162271,168364,172841,183777,187900
W06000010,Carmarthenshire,female,83887,87058,89672,93940,96200
W06000010,Carmarthenshire,male,78384,81306,83169,89837,91700
W06000011,Swansea,total,223257,223182,223308,239023,238500
W06000011,Swansea,female,114981,115730,115229,120936,121000
W06000011,Swansea,male,108276,107452,108079,118087,117600
W06000012,Neath Port Talbot,total,140362,138238,134469,139812,142300
W06000012,Neath Port Talbot,female,72077,71561,69503,71362,72400
W06000012,Neath Port Talbot,male,68285,66677,64966,68450,69900
W06000013,Bridgend,total,125507,129254,128647,139178,145500
W06000013,Bridgend,female,64281,66796,66138,70389,73600
W06000013,Bridgend,male,61226,62458,62509,68789,71800
W06000014,Vale of Glamorgan,total,110412,116915,119293,126336,131800
W06000014,Vale of Glamorgan,female,56493,60348,61936,64814,68300
W06000014,Vale of Glamorgan,male,53919,56567,57357,61522,63500
W06000015,Cardiff,total,274501,285405,305349,346090,362400
W06000015,Cardiff,female,142302,148348,159590,176197,185500
W06000015,Cardiff,male,132199,137057,145759,169893,176900
W06000016,Rhondda Cynon Taf,total,235635,232620,231936,234410,237700
W06000016,Rhondda Cynon Taf,female,120838,119532,119485,119775,121300
W06000016,Rhondda Cynon Taf,male,114797,113088,112451,114635,116300
W06000018,Caerphilly,total,169015,169608,169515,178806,175900
W06000018,Caerphilly,female,85936,86888,86922,91105,90000
W06000018,Caerphilly,male,83079,82720,82593,87701,86000
W06000019,Blaenau Gwent,total,75245,72251,70070,69814,66900
W06000019,Blaenau Gwent,female,38274,37087,36098,35489,34100
W06000019,Blaenau Gwent,male,36971,35164,33972,34325,32800
W06000020,Torfaen,total,89738,90527,90951,91075,92300
W06000020,Torfaen,female,45634,46601,46938,46693,47400
W06000020,Torfaen,male,44104,43926,44013,44382,44900
W06000021,Monmouthshire,total,73991,79940,84884,91323,93000
W06000021,Monmouthshire,female,37546,40908,43436,46401,47400
W06000021,Monmouthshire,male,36445,39032,41448,44922,45600
W06000022,Newport,total,132901,133318,137020,145736,159600
W06000022,Newport,female,68021,68936,71252,74356,81200
W06000022,Newport,male,64880,64382,65768,71380,78400
W06000023,Powys,total,109887,119298,126352,132976,133200
W06000023,Powys,female,55207,60504,63864,67293,67500
W06000023,Powys,male,54680,58794,62488,65683,65700
W06000024,Merthyr Tydfil,total,60043,59317,55979,58802,58800
W06000024,Merthyr Tydfil,female,30996,30782,29047,30011,30100
W06000024,Merthyr Tydfil,male,29047,28535,26932,28791,28700
